ts,y
0.037764633,0.0
0.00025311236,0.0
0.003977076,0.0
0.020764058,0.0
0.02173118,0.0
0.114,0.0
0.414,0.0
0.718,0.0
0.889,0.0
0.969,0.0
1.002,0.0
1.014,0.0
1.017,0.0
0.905,0.0
0.605,0.0
0.304,0.0
0.138,0.0
0.061,0.0
0.053973303,0.0
0.0146603,0.0
0.035561278,0.0
0.045494101,0.0
0.030238212,0.0
0.043190555,0.0
0.021148818,0.0
0.039419722,0.0
0.017780126,0.0
0.04535716,0.0
0.04564139,0.0
0.018776462,0.0
0.012347944,0.0
0.02442172,0.0
0.018924466,0.0
0.0069161007,0.0
0.042104272,0.0
0.00051942129,0.0
-0.114,0.0
-0.399,0.0
-0.682,0.0
-0.836,0.0
-0.906,0.0
-0.933,0.0
-0.943,0.0
-0.944,0.0
-0.944,0.0
-0.948,0.0
-0.949,0.0
-0.946,0.0
-0.948,0.0
-0.951,0.0
-0.952,0.0
-0.952,0.0
-0.953,0.0
-0.952,0.0
-0.952,0.0
-0.952,0.0
-0.95,0.0
-0.949,0.0
-0.952,0.0
-0.956,0.0
-0.96,0.0
-0.961,0.0
-0.959,0.0
-0.958,0.0
-0.96,0.0
-0.961,0.0
-0.96,0.0
-0.96,0.0
-0.959,0.0
-0.958,0.0
-0.956,0.0
-0.953,0.0
-0.949,0.0
-0.947,0.0
-0.948,0.0
-0.951,0.0
-0.95,0.0
-0.945,0.0
-0.941,0.0
-0.941,0.0
-0.943,0.0
-0.944,0.0
-0.943,0.0
-0.944,0.0
-0.952,0.0
-0.957,0.0
-0.953,0.0
-0.946,0.0
-0.838,0.0
-0.56,0.0
-0.284,0.0
-0.131,0.0
-0.057,0.0
-0.015058931,0.0
0.0059390887,0.0
0.0022057233,0.0
0.0083295739,0.0
0.028908968,0.0
0.0049785927,0.0
0.041239881,0.0
0.010012772,0.0
0.019281287,0.0
0.033087255,0.0
0.0099204681,0.0
0.026583031,0.0
0.0094319071,0.0
0.018443621,0.0
0.023889741,0.0
0.043350606,0.0
0.030228536,0.0
0.031086542,0.0
0.012996399,0.0
0.034532338,0.0
0.03117658,0.0
0.019603584,0.0
0.027655279,0.0
0.041001638,0.0
0.019075367,0.0
0.034208601,0.0
0.022830972,0.0
0.013387386,0.0
0.038906948,0.0
0.039187692,0.0
0.053616705,0.0
0.054673016,0.0
0.031523157,0.0
0.03978737,0.0
0.020660802,0.0
0.00042488186,1.0
0.020981824,1.0
0.0025258326,1.0
0.020117526,1.0
0.037073942,1.0
0.034782011,1.0
0.083,1.0
0.317,1.0
0.55,1.0
0.68,1.0
0.653,1.0
0.444,1.0
0.22,1.0
0.093,1.0
0.070778662,1.0
0.065886666,1.0
0.028743847,1.0
0.020472984,1.0
0.0051046344,1.0
0.034979318,1.0
0.0087252853,1.0
0.0020647431,1.0
0.045125762,1.0
0.042510308,1.0
0.022553845,1.0
-0.004739334,1.0
0.025469858,1.0
0.022233722,1.0
-0.0019671411,1.0
0.017403772,1.0
0.035050456,1.0
0.014614602,1.0
-0.0014336194,1.0
0.044546991,1.0
-0.105,1.0
-0.39,1.0
-0.675,1.0
-0.831,1.0
-0.904,1.0
-0.937,1.0
-0.949,1.0
-0.953,1.0
-0.956,1.0
-0.957,1.0
-0.957,1.0
-0.961,1.0
-0.964,1.0
-0.963,1.0
-0.958,1.0
-0.952,1.0
-0.95,1.0
-0.95,1.0
-0.95,1.0
-0.953,1.0
-0.956,1.0
-0.956,1.0
-0.957,1.0
-0.956,1.0
-0.952,1.0
-0.951,1.0
-0.952,1.0
-0.952,1.0
-0.948,1.0
-0.946,1.0
-0.947,1.0
-0.947,1.0
-0.953,1.0
-0.963,1.0
-0.969,1.0
-0.97,1.0
-0.969,1.0
-0.965,1.0
-0.959,1.0
-0.957,1.0
-0.961,1.0
-0.964,1.0
-0.964,1.0
-0.961,1.0
-0.961,1.0
-0.963,1.0
-0.854,1.0
-0.567,1.0
-0.282,1.0
-0.127,1.0
-0.053,1.0
-0.015365247,1.0
0.012254936,1.0
0.006275639,1.0
0.051419715,1.0
0.036678274,1.0
0.027762519,1.0
0.012281964,1.0
0.0025796888,1.0
0.0059810169,1.0
0.03354389,1.0
0.024958947,1.0
0.014049092,1.0
0.052159357,1.0
0.0060923645,1.0
0.019117893,1.0
0.019295281,1.0
0.031271561,1.0
0.052437295,1.0
0.037049917,1.0
0.032577361,1.0
0.0084259838,1.0
0.034694318,1.0
0.044663156,1.0
0.016633345,1.0
0.030271456,1.0
0.019204071,1.0
0.025007295,1.0
0.0047189444,1.0
0.02989895,1.0
0.03201885,1.0
0.049079953,1.0
0.025824827,1.0
0.029944055,1.0
0.036964033,1.0
0.01122764,1.0
0.02504034,1.0
0.044364509,1.0
0.043476064,1.0
0.044163213,1.0
0.021766566,1.0
0.0077890262,1.0
0.029194197,1.0
0.021837388,1.0
0.01985576,2.0
0.0036765858,2.0
0.035077439,2.0
0.011545324,2.0
0.127,2.0
0.462,2.0
0.797,2.0
0.985,2.0
1.074,2.0
0.983,2.0
0.659,2.0
0.329,2.0
0.15,2.0
0.069,2.0
0.049530494,2.0
0.040724344,2.0
0.037918748,2.0
0.0076597084,2.0
0.033325635,2.0
0.038108341,2.0
0.002355183,2.0
0.035275945,2.0
0.0058735434,2.0
0.0045126698,2.0
0.030157389,2.0
0.0055041688,2.0
0.050489093,2.0
0.013767635,2.0
0.029867548,2.0
0.050910705,2.0
0.030182345,2.0
0.018395716,2.0
0.00774318,2.0
0.018450358,2.0
0.0049792595,2.0
0.0053999084,2.0
0.045926886,2.0
0.021287496,2.0
-0.109,2.0
-0.398,2.0
-0.683,2.0
-0.84,2.0
-0.912,2.0
-0.941,2.0
-0.954,2.0
-0.96,2.0
-0.963,2.0
-0.965,2.0
-0.966,2.0
-0.97,2.0
-0.974,2.0
-0.971,2.0
-0.965,2.0
-0.967,2.0
-0.972,2.0
-0.971,2.0
-0.968,2.0
-0.968,2.0
-0.971,2.0
-0.972,2.0
-0.971,2.0
-0.969,2.0
-0.966,2.0
-0.968,2.0
-0.969,2.0
-0.965,2.0
-0.963,2.0
-0.961,2.0
-0.96,2.0
-0.96,2.0
-0.961,2.0
-0.96,2.0
-0.96,2.0
-0.964,2.0
-0.968,2.0
-0.969,2.0
-0.97,2.0
-0.971,2.0
-0.973,2.0
-0.972,2.0
-0.97,2.0
-0.971,2.0
-0.972,2.0
-0.969,2.0
-0.968,2.0
-0.863,2.0
-0.577,2.0
-0.288,2.0
-0.128,2.0
-0.056,2.0
0.0070582319,2.0
-0.0019795324,2.0
0.033353805,2.0
0.040041698,2.0
0.036635,2.0
0.023278327,2.0
-0.0042267381,2.0
-0.0067349283,2.0
0.01103473,2.0
0.045247913,2.0
0.046580163,2.0
0.0156087,2.0
0.031552999,2.0
0.042983979,2.0
0.007943757,2.0
0.025884929,2.0
0.040536708,2.0
0.019715904,2.0
0.01317706,2.0
0.010578976,2.0
-0.00020579717,2.0
0.015421146,2.0
0.015068841,2.0
0.060528159,2.0
0.018617595,2.0
0.048760359,2.0
0.041059251,2.0
0.019924015,2.0
0.043864909,2.0
0.017685771,2.0
0.046659284,2.0
0.0057168026,2.0
0.019495807,2.0
0.021592093,2.0
0.018679618,2.0
0.02247886,2.0
0.032203582,2.0
0.045187206,2.0
0.031380433,4.0
0.057092485,4.0
0.047269203,4.0
0.04387237,4.0
0.026901778,4.0
0.037878251,4.0
0.032261379,4.0
0.011464701,4.0
0.024362029,4.0
0.039082336,4.0
0.106,4.0
0.384,4.0
0.662,4.0
0.813,4.0
0.881,4.0
0.911,4.0
0.926,4.0
0.827,4.0
0.55,4.0
0.273,4.0
0.123,4.0
0.053,4.0
0.023166822,4.0
0.051129921,4.0
0.012812398,4.0
0.043928166,4.0
0.0011329913,4.0
0.014959758,4.0
0.014848886,4.0
-0.00046490667,4.0
0.032822877,4.0
0.0060854611,4.0
0.010134292,4.0
0.038944192,4.0
0.03739454,4.0
0.010911441,4.0
0.044068712,4.0
0.016349226,4.0
0.029910566,4.0
0.043761823,4.0
0.032454576,4.0
0.024217738,4.0
0.028043532,4.0
-0.108,4.0
-0.388,4.0
-0.668,4.0
-0.825,4.0
-0.898,4.0
-0.928,4.0
-0.94,4.0
-0.944,4.0
-0.946,4.0
-0.949,4.0
-0.95,4.0
-0.945,4.0
-0.94,4.0
-0.937,4.0
-0.938,4.0
-0.941,4.0
-0.942,4.0
-0.942,4.0
-0.944,4.0
-0.944,4.0
-0.941,4.0
-0.938,4.0
-0.938,4.0
-0.941,4.0
-0.944,4.0
-0.944,4.0
-0.946,4.0
-0.948,4.0
-0.947,4.0
-0.946,4.0
-0.944,4.0
-0.94,4.0
-0.938,4.0
-0.942,4.0
-0.95,4.0
-0.955,4.0
-0.956,4.0
-0.955,4.0
-0.952,4.0
-0.949,4.0
-0.946,4.0
-0.945,4.0
-0.947,4.0
-0.948,4.0
-0.947,4.0
-0.943,4.0
-0.942,4.0
-0.943,4.0
-0.946,4.0
-0.948,4.0
-0.947,4.0
-0.944,4.0
-0.943,4.0
-0.944,4.0
-0.947,4.0
-0.948,4.0
-0.946,4.0
-0.946,4.0
-0.844,4.0
-0.565,4.0
-0.283,4.0
-0.126,4.0
-0.05,4.0
-0.00030502851,4.0
0.018802919,4.0
0.038632845,4.0
0.022510847,4.0
0.0045877879,4.0
0.015462025,4.0
-0.0056316916,4.0
0.012894473,4.0
-0.0045891752,4.0
0.029480553,4.0
0.00023996131,4.0
0.021224528,4.0
0.035658042,4.0
0.019190653,4.0
0.044963907,4.0
0.014297094,4.0
0.0054194815,4.0
-0.00023045427,4.0
0.027151247,4.0
0.029029138,4.0
0.040782122,4.0
0.034723072,4.0
0.026949368,5.0
0.046553283,5.0
0.01249595,5.0
0.042750198,5.0
0.02778757,5.0
0.038858944,5.0
0.019383026,5.0
0.018273748,5.0
0.12,5.0
0.434,5.0
0.747,5.0
0.923,5.0
1.007,5.0
1.038,5.0
1.046,5.0
1.052,5.0
0.939,5.0
0.623,5.0
0.304,5.0
0.13,5.0
0.051,5.0
0.061336012,5.0
0.036400214,5.0
0.0053524512,5.0
-0.0003654563,5.0
0.02379367,5.0
0.0076737811,5.0
0.016405524,5.0
0.038575976,5.0
0.049260352,5.0
0.042274895,5.0
0.047206775,5.0
0.0035038926,5.0
0.012542408,5.0
0.048689615,5.0
0.018116364,5.0
0.053992364,5.0
0.020579384,5.0
0.011413614,5.0
0.011500252,5.0
-0.107,5.0
-0.396,5.0
-0.685,5.0
-0.847,5.0
-0.925,5.0
-0.958,5.0
-0.971,5.0
-0.979,5.0
-0.985,5.0
-0.984,5.0
-0.979,5.0
-0.978,5.0
-0.983,5.0
-0.986,5.0
-0.988,5.0
-0.99,5.0
-0.989,5.0
-0.985,5.0
-0.984,5.0
-0.985,5.0
-0.986,5.0
-0.987,5.0
-0.986,5.0
-0.985,5.0
-0.989,5.0
-0.993,5.0
-0.994,5.0
-0.993,5.0
-0.992,5.0
-0.99,5.0
-0.986,5.0
-0.981,5.0
-0.98,5.0
-0.98,5.0
-0.983,5.0
-0.986,5.0
-0.987,5.0
-0.987,5.0
-0.987,5.0
-0.985,5.0
-0.983,5.0
-0.982,5.0
-0.982,5.0
-0.981,5.0
-0.98,5.0
-0.979,5.0
-0.872,5.0
-0.583,5.0
-0.294,5.0
-0.132,5.0
-0.055,5.0
-0.011529818,5.0
0.0014682689,5.0
7.6127859e-05,5.0
0.041490486,5.0
0.037339176,5.0
0.039694768,5.0
0.012522766,5.0
0.055483212,5.0
0.025533563,5.0
0.04745554,5.0
0.019687428,5.0
0.04271672,5.0
0.038830597,5.0
0.037317845,5.0
0.00054149601,5.0
0.023914402,5.0
0.0092937718,5.0
0.0090317247,5.0
0.0035913165,5.0
0.043817808,5.0
0.0058645308,5.0
0.0075749078,5.0
0.046299133,5.0
0.039123095,5.0
0.042511683,5.0
0.0041764753,5.0
0.043529554,5.0
0.014155193,5.0
0.013723285,5.0
0.046840932,5.0
0.041271348,5.0
0.05191402,5.0
0.058153234,5.0
0.039676077,5.0
0.042518082,5.0
0.038279709,5.0
0.034262045,5.0
0.045371132,6.0
0.030580846,6.0
0.0038422667,6.0
0.035998476,6.0
0.031280292,6.0
0.0083493975,6.0
0.0057627669,6.0
0.014480901,6.0
0.023051747,6.0
0.040494162,6.0
0.107,6.0
0.393,6.0
0.681,6.0
0.847,6.0
0.928,6.0
0.852,6.0
0.572,6.0
0.283,6.0
0.121,6.0
0.056899227,6.0
0.063461357,6.0
0.0090627711,6.0
0.0054068929,6.0
0.0045721704,6.0
0.031737209,6.0
0.037548337,6.0
-0.004554332,6.0
0.012857951,6.0
0.02190675,6.0
0.005657396,6.0
0.021927542,6.0
0.014008635,6.0
0.03565497,6.0
0.041648617,6.0
0.017750049,6.0
0.041482893,6.0
0.048182063,6.0
0.006362657,6.0
0.047938605,6.0
0.021948214,6.0
-0.107,6.0
-0.403,6.0
-0.699,6.0
-0.864,6.0
-0.944,6.0
-0.978,6.0
-0.991,6.0
-0.999,6.0
-1.001,6.0
-1.001,6.0
-1.001,6.0
-1.0,6.0
-0.997,6.0
-1.0,6.0
-1.003,6.0
-1.004,6.0
-1.008,6.0
-1.009,6.0
-1.007,6.0
-1.003,6.0
-1.0,6.0
-1.0,6.0
-1.001,6.0
-1.001,6.0
-1.001,6.0
-1.0,6.0
-0.996,6.0
-0.993,6.0
-0.99,6.0
-0.991,6.0
-0.994,6.0
-0.994,6.0
-0.995,6.0
-0.998,6.0
-1.001,6.0
-1.0,6.0
-0.999,6.0
-1.002,6.0
-1.004,6.0
-1.007,6.0
-1.007,6.0
-1.007,6.0
-1.01,6.0
-1.012,6.0
-1.01,6.0
-1.008,6.0
-1.006,6.0
-1.004,6.0
-1.005,6.0
-1.005,6.0
-1.0,6.0
-0.996,6.0
-0.999,6.0
-1.004,6.0
-1.009,6.0
-1.009,6.0
-1.007,6.0
-1.007,6.0
-1.005,6.0
-1.002,6.0
-1.002,6.0
-0.89,6.0
-0.591,6.0
-0.292,6.0
-0.128,6.0
-0.053,6.0
0.011571846,6.0
0.011218256,6.0
0.043076202,6.0
0.016305942,6.0
0.024488727,6.0
0.04024018,6.0
0.024335563,6.0
0.03386193,6.0
0.025164322,6.0
0.031041621,6.0
0.029625625,6.0
0.016539386,6.0
0.00010674263,6.0
0.024403118,6.0
0.011807985,6.0
0.017890779,6.0
0.050494164,6.0
0.043163297,6.0
0.044116324,6.0
0.039954218,6.0
0.022574092,6.0
0.014495288,6.0
0.017550862,7.0
0.011831685,7.0
0.0054698555,7.0
-0.00038758785,7.0
0.022074262,7.0
0.035427386,7.0
0.043687163,7.0
0.035410163,7.0
0.113,7.0
0.417,7.0
0.72,7.0
0.888,7.0
0.97,7.0
0.895,7.0
0.607,7.0
0.308,7.0
0.138,7.0
0.053,7.0
0.063776508,7.0
0.029404111,7.0
0.041666115,7.0
0.030262446,7.0
0.009283793,7.0
0.053700634,7.0
0.020579716,7.0
0.038027681,7.0
0.0095114322,7.0
0.029177969,7.0
0.029368168,7.0
0.01466266,7.0
0.041303955,7.0
0.038686354,7.0
0.0047654326,7.0
0.0012010644,7.0
0.039079695,7.0
0.020362709,7.0
-0.114,7.0
-0.412,7.0
-0.713,7.0
-0.881,7.0
-0.958,7.0
-0.989,7.0
-1.003,7.0
-1.008,7.0
-1.008,7.0
-1.007,7.0
-1.01,7.0
-1.014,7.0
-1.014,7.0
-1.012,7.0
-1.013,7.0
-1.014,7.0
-1.013,7.0
-1.011,7.0
-1.011,7.0
-1.01,7.0
-1.005,7.0
-1.001,7.0
-0.999,7.0
-1.004,7.0
-1.007,7.0
-1.009,7.0
-1.012,7.0
-1.013,7.0
-1.014,7.0
-1.014,7.0
-1.015,7.0
-1.016,7.0
-1.013,7.0
-1.013,7.0
-1.015,7.0
-1.016,7.0
-1.014,7.0
-1.012,7.0
-1.012,7.0
-1.01,7.0
-1.008,7.0
-1.009,7.0
-1.01,7.0
-1.01,7.0
-1.011,7.0
-1.014,7.0
-1.016,7.0
-1.016,7.0
-1.014,7.0
-1.011,7.0
-0.893,7.0
-0.589,7.0
-0.289,7.0
-0.125,7.0
-0.05,7.0
0.0082611558,7.0
0.0093358403,7.0
0.017376947,7.0
0.045661837,7.0
0.001970936,7.0
0.034682027,7.0
0.032000732,7.0
-0.0026924345,7.0
0.043406213,7.0
0.036089166,7.0
0.032903978,7.0
0.023434203,7.0
0.026158447,7.0
0.0032955139,7.0
0.047035919,7.0
0.014332916,7.0
0.019538113,7.0
0.052151043,7.0
0.022713995,7.0
0.018762965,7.0
0.031920957,7.0
0.0043008252,7.0
0.039352243,7.0
0.0033430956,7.0
0.037038698,7.0
0.037010651,7.0
0.022439958,7.0
0.050868853,7.0
0.033487307,7.0
0.024976181,7.0
0.038272024,7.0
0.04474241,7.0
0.036493486,7.0
0.049314919,7.0
0.0080550872,7.0
0.016889084,7.0
0.042329657,7.0
0.0062631,0.0
0.0032396456,0.0
0.038155171,0.0
0.041462556,0.0
0.031470953,0.0
0.114,0.0
0.427,0.0
0.74,0.0
0.914,0.0
0.997,0.0
1.034,0.0
1.049,0.0
1.056,0.0
1.058,0.0
0.94,0.0
0.624,0.0
0.312,0.0
0.141,0.0
0.061,0.0
0.046950583,0.0
0.014789186,0.0
0.030108422,0.0
0.029782803,0.0
0.025612437,0.0
0.031701085,0.0
0.056911642,0.0
0.023202021,0.0
0.033053812,0.0
0.023509294,0.0
0.02485404,0.0
0.030399035,0.0
0.023795473,0.0
0.025430502,0.0
0.034253111,0.0
0.036810445,0.0
0.039537296,0.0
0.0028787325,0.0
0.01553393,0.0
0.019037799,0.0
0.044240202,0.0
-0.122,0.0
-0.463,0.0
-0.806,0.0
-0.997,0.0
-1.086,0.0
-1.125,0.0
-1.142,0.0
-1.147,0.0
-1.148,0.0
-1.149,0.0
-1.15,0.0
-1.152,0.0
-1.155,0.0
-1.154,0.0
-1.15,0.0
-1.147,0.0
-1.146,0.0
-1.146,0.0
-1.144,0.0
-1.142,0.0
-1.14,0.0
-1.141,0.0
-1.145,0.0
-1.148,0.0
-1.149,0.0
-1.149,0.0
-1.149,0.0
-1.149,0.0
-1.149,0.0
-1.147,0.0
-1.144,0.0
-1.148,0.0
-1.153,0.0
-1.154,0.0
-1.152,0.0
-1.151,0.0
-1.151,0.0
-1.148,0.0
-1.148,0.0
-1.15,0.0
-1.152,0.0
-1.153,0.0
-1.154,0.0
-1.154,0.0
-1.154,0.0
-1.157,0.0
-1.16,0.0
-1.162,0.0
-1.162,0.0
-1.16,0.0
-1.158,0.0
-1.156,0.0
-1.153,0.0
-1.022,0.0
-0.679,0.0
-0.337,0.0
-0.146,0.0
-0.055,0.0
0.0117589,0.0
0.040602518,0.0
0.017628201,0.0
0.043890417,0.0
0.042266262,0.0
0.0042856521,0.0
0.037319253,0.0
0.044154416,0.0
0.027873537,0.0
0.025579962,0.0
0.033122272,0.0
0.030514455,0.0
0.011723984,0.0
0.0062186532,0.0
0.016950299,0.0
0.052081125,0.0
0.038867426,0.0
0.048763133,0.0
0.025423709,0.0
0.045026807,0.0
0.042852571,0.0
0.014483747,0.0
0.038724056,0.0
0.036734383,0.0
0.0076933789,0.0
0.039495817,0.0
0.0067550182,0.0
0.0031729409,0.0
0.015426851,0.0
0.029423209,0.0
0.013998881,4.0
0.046359981,4.0
0.018745825,4.0
0.042707421,4.0
0.0039717277,4.0
0.01704719,4.0
0.029900494,4.0
0.0078904073,4.0
0.023883038,4.0
0.121,4.0
0.421,4.0
0.72,4.0
0.885,4.0
0.96,4.0
0.991,4.0
0.89,4.0
0.599,4.0
0.304,4.0
0.136,4.0
0.056,4.0
0.070535511,4.0
0.021113717,4.0
0.053689274,4.0
0.020800483,4.0
0.022504613,4.0
0.0072429924,4.0
0.0084711999,4.0
0.030918309,4.0
0.028329898,4.0
0.035740187,4.0
0.017164885,4.0
0.010051278,4.0
0.00024642997,4.0
0.0050323999,4.0
0.026303214,4.0
0.039246843,4.0
0.013471797,4.0
-0.108,4.0
-0.405,4.0
-0.709,4.0
-0.884,4.0
-0.966,4.0
-0.999,4.0
-1.011,4.0
-1.017,4.0
-1.02,4.0
-1.018,4.0
-1.016,4.0
-1.018,4.0
-1.022,4.0
-1.026,4.0
-1.026,4.0
-1.022,4.0
-1.022,4.0
-1.024,4.0
-1.024,4.0
-1.022,4.0
-1.019,4.0
-1.016,4.0
-1.015,4.0
-1.02,4.0
-1.023,4.0
-1.021,4.0
-1.019,4.0
-1.018,4.0
-1.021,4.0
-1.026,4.0
-1.027,4.0
-1.024,4.0
-1.019,4.0
-1.018,4.0
-1.021,4.0
-1.023,4.0
-1.024,4.0
-1.026,4.0
-1.027,4.0
-1.026,4.0
-1.022,4.0
-1.021,4.0
-1.02,4.0
-1.02,4.0
-1.019,4.0
-1.015,4.0
-1.011,4.0
-1.008,4.0
-1.009,4.0
-1.013,4.0
-1.016,4.0
-1.017,4.0
-0.903,4.0
-0.597,4.0
-0.295,4.0
-0.132,4.0
-0.059,4.0
-0.018508625,4.0
-0.00037396506,4.0
0.0027576497,4.0
0.010055874,4.0
0.043403511,4.0
0.008886433,4.0
0.034385682,4.0
0.030725976,4.0
0.032814883,4.0
0.022326216,4.0
-0.0024383772,4.0
0.0460506,4.0
0.030785244,4.0
0.042161352,4.0
0.032667226,4.0
0.019047255,4.0
0.036633873,4.0
0.0083974534,4.0
0.044392446,4.0
0.034414886,4.0
0.011757724,4.0
0.028303268,4.0
0.0014847295,4.0
0.039632251,4.0
0.041540959,4.0
0.0163192,4.0
0.040880448,4.0
0.04178434,4.0
0.041849185,4.0
-0.0017186795,4.0
0.049541072,4.0
0.010764644,4.0
0.030943484,4.0
0.041525875,4.0
0.045301544,5.0
0.039529551,5.0
0.018860217,5.0
0.018585182,5.0
0.022539422,5.0
0.11,5.0
0.397,5.0
0.684,5.0
0.846,5.0
0.922,5.0
0.843,5.0
0.566,5.0
0.286,5.0
0.129,5.0
0.057,5.0
0.046298366,5.0
0.039791626,5.0
0.035843604,5.0
0.0231834,5.0
0.023809771,5.0
0.030764641,5.0
0.02038375,5.0
0.018486857,5.0
0.038957924,5.0
0.028077892,5.0
0.053113457,5.0
0.019977157,5.0
0.028764989,5.0
0.026464135,5.0
0.0079930159,5.0
0.039184068,5.0
0.013195963,5.0
0.0087158911,5.0
0.01123469,5.0
0.01445985,5.0
-0.113,5.0
-0.415,5.0
-0.715,5.0
-0.881,5.0
-0.959,5.0
-0.99,5.0
-1.001,5.0
-1.006,5.0
-1.008,5.0
-1.012,5.0
-1.015,5.0
-1.013,5.0
-1.01,5.0
-1.009,5.0
-1.01,5.0
-1.01,5.0
-1.01,5.0
-1.012,5.0
-1.014,5.0
-1.013,5.0
-1.011,5.0
-1.009,5.0
-1.006,5.0
-1.009,5.0
-1.016,5.0
-1.02,5.0
-1.017,5.0
-1.012,5.0
-1.012,5.0
-1.012,5.0
-1.01,5.0
-1.006,5.0
-1.004,5.0
-1.007,5.0
-1.008,5.0
-1.008,5.0
-1.01,5.0
-1.013,5.0
-1.014,5.0
-1.014,5.0
-1.013,5.0
-1.012,5.0
-1.012,5.0
-1.013,5.0
-1.013,5.0
-0.902,5.0
-0.602,5.0
-0.302,5.0
-0.137,5.0
-0.061,5.0
-0.016404023,5.0
0.032223769,5.0
0.01965307,5.0
0.042925264,5.0
0.015367721,5.0
0.040899752,5.0
0.0024271259,5.0
0.023872089,5.0
0.0081227816,5.0
0.016659711,5.0
0.012562612,5.0
0.023725449,5.0
0.026001193,5.0
0.010820898,5.0
-0.0037803689,5.0
-0.0038757163,5.0
0.023101759,5.0
0.0037437222,5.0
0.037674847,5.0
0.041892343,5.0
-0.00073867535,5.0
0.046706134,5.0
0.025125889,5.0
0.0089775639,5.0
0.0022657689,5.0
0.029980042,5.0
0.01083982,5.0
0.016079004,5.0
0.028992391,5.0
0.027790942,5.0
0.029784185,5.0
0.049462268,5.0
0.033887965,5.0
-0.0011001612,5.0
0.040532424,5.0
0.042603681,5.0
0.042857627,5.0
0.043869386,5.0
0.043818737,5.0
0.015063228,5.0
0.026302988,5.0
0.057684629,5.0
0.03921002,5.0
0.0028581137,9.0
0.019284112,9.0
0.0084631772,9.0
0.045248695,9.0
0.02559762,9.0
-0.0059417123,9.0
0.0043541999,9.0
0.022813136,9.0
0.102,9.0
0.385,9.0
0.667,9.0
0.823,9.0
0.899,9.0
0.934,9.0
0.948,9.0
0.948,9.0
0.836,9.0
0.55,9.0
0.267,9.0
0.112,9.0
0.067447411,9.0
0.041726795,9.0
0.044279193,9.0
0.050736531,9.0
0.0082743208,9.0
0.027503507,9.0
0.043023598,9.0
0.042190879,9.0
0.035405258,9.0
0.041365126,9.0
0.015458344,9.0
0.016843632,9.0
0.020802864,9.0
0.026862885,9.0
0.014059344,9.0
0.018195496,9.0
0.034163687,9.0
0.056404417,9.0
0.0058641031,9.0
0.043165174,9.0
0.018866653,9.0
-0.12,9.0
-0.438,9.0
-0.755,9.0
-0.932,9.0
-1.013,9.0
-1.047,9.0
-1.06,9.0
-1.062,9.0
-1.061,9.0
-1.063,9.0
-1.067,9.0
-1.071,9.0
-1.072,9.0
-1.068,9.0
-1.064,9.0
-1.063,9.0
-1.068,9.0
-1.072,9.0
-1.069,9.0
-1.065,9.0
-1.066,9.0
-1.07,9.0
-1.07,9.0
-1.067,9.0
-1.066,9.0
-1.067,9.0
-1.07,9.0
-1.071,9.0
-1.072,9.0
-1.071,9.0
-1.069,9.0
-1.068,9.0
-1.066,9.0
-1.065,9.0
-1.065,9.0
-1.067,9.0
-1.071,9.0
-1.074,9.0
-1.073,9.0
-1.068,9.0
-1.064,9.0
-1.063,9.0
-1.063,9.0
-1.063,9.0
-1.066,9.0
-1.069,9.0
-1.071,9.0
-1.068,9.0
-1.061,9.0
-1.057,9.0
-1.058,9.0
-1.061,9.0
-1.06,9.0
-1.057,9.0
-1.058,9.0
-0.947,9.0
-0.634,9.0
-0.318,9.0
-0.143,9.0
-0.062,9.0
-0.026883076,9.0
-0.010158046,9.0
-0.0090320168,9.0
0.0349479,9.0
-0.0064780718,9.0
0.044356866,9.0
0.01550228,9.0
0.042642652,9.0
0.021213488,9.0
0.048976354,9.0
0.014482587,9.0
0.015977658,9.0
0.012977924,9.0
0.022194569,9.0
0.0098652853,9.0
0.026475381,9.0
0.031424479,9.0
0.0086480447,9.0
0.01168504,9.0
0.011192678,9.0
0.045220813,9.0
0.045487761,9.0
0.026353405,9.0
0.041337396,9.0
0.017832035,9.0
0.026405121,9.0
0.051586739,9.0
0.00051111725,11.0
0.0027799857,11.0
0.014947299,11.0
0.044897325,11.0
0.023222901,11.0
0.1,11.0
0.35,11.0
0.605,11.0
0.748,11.0
0.815,11.0
0.841,11.0
0.757,11.0
0.508,11.0
0.256,11.0
0.116,11.0
0.068247958,11.0
0.030241484,11.0
0.03910191,11.0
0.036161261,11.0
0.0088721525,11.0
0.042350313,11.0
0.017775229,11.0
0.016576032,11.0
0.043436704,11.0
0.036865609,11.0
0.033055008,11.0
0.021985514,11.0
0.030171241,11.0
0.006154068,11.0
-0.0025282345,11.0
0.017066637,11.0
0.042827254,11.0
0.035187822,11.0
0.0071801278,11.0
0.038211345,11.0
0.045278475,11.0
0.0075806565,11.0
0.00429917,11.0
0.0088663147,11.0
-0.113,11.0
-0.398,11.0
-0.684,11.0
-0.842,11.0
-0.918,11.0
-0.951,11.0
-0.96,11.0
-0.961,11.0
-0.963,11.0
-0.966,11.0
-0.968,11.0
-0.97,11.0
-0.972,11.0
-0.973,11.0
-0.975,11.0
-0.975,11.0
-0.973,11.0
-0.972,11.0
-0.97,11.0
-0.97,11.0
-0.973,11.0
-0.976,11.0
-0.975,11.0
-0.975,11.0
-0.976,11.0
-0.974,11.0
-0.973,11.0
-0.976,11.0
-0.978,11.0
-0.975,11.0
-0.973,11.0
-0.974,11.0
-0.977,11.0
-0.977,11.0
-0.976,11.0
-0.976,11.0
-0.976,11.0
-0.975,11.0
-0.976,11.0
-0.977,11.0
-0.976,11.0
-0.971,11.0
-0.965,11.0
-0.964,11.0
-0.969,11.0
-0.975,11.0
-0.976,11.0
-0.978,11.0
-0.98,11.0
-0.977,11.0
-0.972,11.0
-0.971,11.0
-0.972,11.0
-0.972,11.0
-0.972,11.0
-0.863,11.0
-0.576,11.0
-0.288,11.0
-0.127,11.0
-0.053,11.0
0.0040743555,11.0
0.02718097,11.0
0.00028036975,11.0
-0.00594633,11.0
0.021469232,11.0
0.031233161,11.0
0.014614656,11.0
0.033775657,11.0
0.0073574001,11.0
0.0086196983,11.0
0.027314113,11.0
0.036233238,11.0
0.013127415,11.0
0.017071869,11.0
0.011457744,11.0
0.042723551,11.0
0.021851076,11.0
0.041513042,11.0
0.01278011,11.0
0.013370082,11.0
0.0096336176,11.0
0.0047948532,11.0
0.05147663,11.0
0.028622566,11.0
0.03776658,11.0
0.021043676,11.0
0.0085970081,11.0
0.042622055,11.0
0.038388082,11.0
0.044165178,12.0
0.040606198,12.0
0.020312152,12.0
0.017411207,12.0
0.042539489,12.0
0.035514844,12.0
0.023551012,12.0
0.044979438,12.0
0.117,12.0
0.429,12.0
0.741,12.0
0.915,12.0
0.997,12.0
1.032,12.0
1.049,12.0
0.937,12.0
0.621,12.0
0.306,12.0
0.134,12.0
0.058,12.0
0.057628846,12.0
0.045971783,12.0
0.046342925,12.0
0.033597168,12.0
0.043183183,12.0
0.045037847,12.0
-0.0045082291,12.0
0.029317843,12.0
0.027081473,12.0
0.0070471596,12.0
0.0092669942,12.0
0.0056087813,12.0
0.031053885,12.0
0.00034283617,12.0
-0.117,12.0
-0.404,12.0
-0.693,12.0
-0.858,12.0
-0.935,12.0
-0.966,12.0
-0.977,12.0
-0.982,12.0
-0.986,12.0
-0.985,12.0
-0.981,12.0
-0.982,12.0
-0.985,12.0
-0.985,12.0
-0.985,12.0
-0.988,12.0
-0.99,12.0
-0.988,12.0
-0.985,12.0
-0.986,12.0
-0.986,12.0
-0.984,12.0
-0.983,12.0
-0.983,12.0
-0.985,12.0
-0.99,12.0
-0.991,12.0
-0.989,12.0
-0.988,12.0
-0.988,12.0
-0.991,12.0
-0.993,12.0
-0.991,12.0
-0.99,12.0
-0.99,12.0
-0.99,12.0
-0.988,12.0
-0.986,12.0
-0.983,12.0
-0.978,12.0
-0.976,12.0
-0.978,12.0
-0.979,12.0
-0.981,12.0
-0.985,12.0
-0.987,12.0
-0.989,12.0
-0.993,12.0
-0.993,12.0
-0.99,12.0
-0.99,12.0
-0.99,12.0
-0.99,12.0
-0.993,12.0
-0.996,12.0
-0.994,12.0
-0.992,12.0
-0.879,12.0
-0.583,12.0
-0.29,12.0
-0.131,12.0
-0.059,12.0
-0.018142622,12.0
-0.0067608859,12.0
0.021102254,12.0
0.0046034983,12.0
0.029203701,12.0
0.030134113,12.0
0.051606875,12.0
0.038967437,12.0
0.052960659,12.0
0.035486493,12.0
0.031249488,12.0
0.0051118443,12.0
0.02573913,12.0
0.010433482,12.0
0.045901753,12.0
0.02973503,12.0
0.030384604,12.0
0.031255482,12.0
0.010380763,12.0
0.0035821419,12.0
0.042358152,12.0
0.024556533,12.0
0.012733148,12.0
0.00057021768,12.0
0.014195711,12.0
0.035668607,12.0
0.0040416413,12.0
0.015686831,12.0
0.043915921,12.0
0.0341824,12.0
0.043983575,12.0
0.03481435,12.0
0.0040195665,13.0
0.050445854,13.0
0.022176129,13.0
0.035282357,13.0
0.040787926,13.0
0.017436158,13.0
0.132,13.0
0.477,13.0
0.826,13.0
1.021,13.0
1.111,13.0
1.151,13.0
1.166,13.0
1.171,13.0
1.044,13.0
0.7,13.0
0.354,13.0
0.157,13.0
0.064,13.0
0.068288221,13.0
0.02410097,13.0
0.053408041,13.0
0.027024113,13.0
0.027621362,13.0
0.043755585,13.0
0.045525919,13.0
-0.0017578348,13.0
0.010540324,13.0
0.028216074,13.0
0.049246136,13.0
0.038889305,13.0
0.033040519,13.0
0.0072325718,13.0
0.033479279,13.0
0.035584047,13.0
-0.122,13.0
-0.446,13.0
-0.77,13.0
-0.951,13.0
-1.034,13.0
-1.066,13.0
-1.078,13.0
-1.084,13.0
-1.09,13.0
-1.094,13.0
-1.099,13.0
-1.1,13.0
-1.098,13.0
-1.094,13.0
-1.091,13.0
-1.088,13.0
-1.088,13.0
-1.093,13.0
-1.096,13.0
-1.097,13.0
-1.095,13.0
-1.094,13.0
-1.093,13.0
-1.091,13.0
-1.095,13.0
-1.099,13.0
-1.099,13.0
-1.099,13.0
-1.103,13.0
-1.105,13.0
-1.104,13.0
-1.098,13.0
-1.096,13.0
-1.098,13.0
-1.099,13.0
-1.094,13.0
-1.089,13.0
-1.087,13.0
-1.088,13.0
-1.089,13.0
-1.087,13.0
-1.088,13.0
-1.091,13.0
-1.094,13.0
-1.094,13.0
-1.091,13.0
-1.091,13.0
-1.094,13.0
-1.094,13.0
-1.092,13.0
-1.093,13.0
-1.095,13.0
-1.095,13.0
-1.092,13.0
-1.092,13.0
-1.093,13.0
-1.093,13.0
-1.093,13.0
-0.972,13.0
-0.648,13.0
-0.325,13.0
-0.145,13.0
-0.063,13.0
0.0015936755,13.0
0.021708015,13.0
0.010917388,13.0
0.0027126539,13.0
0.0087072537,13.0
0.007131052,13.0
0.048198353,13.0
0.014265342,13.0
0.013876496,13.0
0.047137752,13.0
0.0028715555,13.0
0.01351821,13.0
0.027122142,13.0
0.0288336,13.0
0.046275753,13.0
0.047610312,13.0
0.047365422,13.0
0.025624585,13.0
0.034700208,13.0
0.04277081,13.0
0.042199087,13.0
0.030470946,13.0
0.013661817,13.0
0.0046198002,13.0
0.049790873,13.0
0.054594994,13.0
0.010521338,13.0
0.05045907,13.0
0.023037361,13.0
0.02154991,13.0
0.020399156,14.0
0.026126412,14.0
0.048609564,14.0
0.036647968,14.0
0.016037468,14.0
0.042373947,14.0
0.049507571,14.0
0.123,14.0
0.447,14.0
0.769,14.0
0.948,14.0
1.032,14.0
1.066,14.0
1.08,14.0
0.967,14.0
0.649,14.0
0.326,14.0
0.145,14.0
0.061,14.0
0.038015881,14.0
0.032107825,14.0
0.032927659,14.0
0.036467923,14.0
0.029827734,14.0
0.020162059,14.0
0.002231629,14.0
0.035777769,14.0
0.049482011,14.0
0.011054522,14.0
0.031866589,14.0
0.035419998,14.0
0.018904983,14.0
0.021422081,14.0
0.0010067948,14.0
0.040112408,14.0
0.008915962,14.0
0.043243402,14.0
-0.111,14.0
-0.396,14.0
-0.677,14.0
-0.833,14.0
-0.907,14.0
-0.941,14.0
-0.955,14.0
-0.96,14.0
-0.96,14.0
-0.964,14.0
-0.969,14.0
-0.971,14.0
-0.972,14.0
-0.973,14.0
-0.973,14.0
-0.973,14.0
-0.972,14.0
-0.972,14.0
-0.969,14.0
-0.963,14.0
-0.96,14.0
-0.963,14.0
-0.964,14.0
-0.962,14.0
-0.964,14.0
-0.967,14.0
-0.965,14.0
-0.961,14.0
-0.961,14.0
-0.965,14.0
-0.967,14.0
-0.964,14.0
-0.961,14.0
-0.962,14.0
-0.963,14.0
-0.963,14.0
-0.964,14.0
-0.962,14.0
-0.96,14.0
-0.957,14.0
-0.954,14.0
-0.954,14.0
-0.954,14.0
-0.953,14.0
-0.955,14.0
-0.96,14.0
-0.962,14.0
-0.96,14.0
-0.961,14.0
-0.964,14.0
-0.963,14.0
-0.96,14.0
-0.96,14.0
-0.965,14.0
-0.859,14.0
-0.569,14.0
-0.28,14.0
-0.121,14.0
-0.051,14.0
0.014327013,14.0
0.031738261,14.0
0.021278061,14.0
0.015768274,14.0
0.017492661,14.0
0.040616802,14.0
0.027828591,14.0
0.033411627,14.0
0.0016023603,14.0
-0.0015117501,14.0
0.014743512,14.0
0.037814892,14.0
0.030614484,14.0
0.039614278,14.0
0.034698639,14.0
0.020756786,14.0
0.051086532,14.0
0.058919644,14.0
0.010744493,14.0
0.043518517,14.0
0.039655567,14.0
0.019989956,14.0
0.026799304,14.0
0.027810867,14.0
0.028172462,14.0
0.035954524,14.0
0.028880316,14.0
0.058360649,14.0
0.014872016,14.0
0.052474688,14.0
0.0097206726,14.0
0.051206614,14.0
0.030705619,16.0
0.013206935,16.0
0.011390296,16.0
0.052945958,16.0
0.036315521,16.0
0.02121399,16.0
0.03322668,16.0
0.034819376,16.0
0.037522927,16.0
0.116,16.0
0.424,16.0
0.729,16.0
0.894,16.0
0.968,16.0
0.999,16.0
1.015,16.0
1.026,16.0
0.917,16.0
0.611,16.0
0.302,16.0
0.132,16.0
0.054,16.0
0.042863487,16.0
0.028033173,16.0
0.035974374,16.0
0.011694256,16.0
0.036323699,16.0
0.010098629,16.0
0.020617103,16.0
0.01596805,16.0
0.04549136,16.0
0.035025486,16.0
0.003416098,16.0
0.021372259,16.0
0.04011508,16.0
0.015698107,16.0
0.030261609,16.0
0.034002236,16.0
0.033388148,16.0
0.027990382,16.0
-0.106,16.0
-0.404,16.0
-0.707,16.0
-0.878,16.0
-0.954,16.0
-0.982,16.0
-0.994,16.0
-0.998,16.0
-1.0,16.0
-1.002,16.0
-1.004,16.0
-1.004,16.0
-0.999,16.0
-0.997,16.0
-0.998,16.0
-0.999,16.0
-0.998,16.0
-0.996,16.0
-0.993,16.0
-0.991,16.0
-0.992,16.0
-0.994,16.0
-0.996,16.0
-0.999,16.0
-1.001,16.0
-1.001,16.0
-1.001,16.0
-1.004,16.0
-1.009,16.0
-1.006,16.0
-1.001,16.0
-0.996,16.0
-0.995,16.0
-1.0,16.0
-1.003,16.0
-1.001,16.0
-1.0,16.0
-1.002,16.0
-1.0,16.0
-0.998,16.0
-1.001,16.0
-1.004,16.0
-1.006,16.0
-1.008,16.0
-1.008,16.0
-1.007,16.0
-1.003,16.0
-0.997,16.0
-0.996,16.0
-0.997,16.0
-0.995,16.0
-0.992,16.0
-0.881,16.0
-0.588,16.0
-0.292,16.0
-0.128,16.0
-0.056,16.0
0.0055284864,16.0
0.0097365392,16.0
0.049211066,16.0
0.012589613,16.0
0.0061232551,16.0
0.002937301,16.0
0.029670972,16.0
0.001471142,16.0
0.017931522,16.0
0.01949718,16.0
0.0065480843,16.0
0.018714726,16.0
-0.0069896966,16.0
0.019111448,16.0
0.017249397,16.0
0.037914032,16.0
0.025329319,16.0
0.003560353,16.0
0.024152203,16.0
0.050145878,16.0
0.016873666,16.0
0.014382116,16.0
0.050758153,16.0
0.006262931,16.0
0.01971447,16.0
0.023665361,16.0
0.024345105,16.0
0.049884955,16.0
0.0060729146,16.0
0.041268733,16.0
0.020694453,16.0
0.014187176,21.0
0.043401182,21.0
0.04245574,21.0
0.039768493,21.0
0.028840283,21.0
0.102,21.0
0.371,21.0
0.638,21.0
0.782,21.0
0.849,21.0
0.881,21.0
0.792,21.0
0.53,21.0
0.267,21.0
0.12,21.0
0.05,21.0
0.036472812,21.0
0.059580873,21.0
0.044216651,21.0
0.0028537603,21.0
0.031564123,21.0
0.019330384,21.0
0.029849035,21.0
0.040767023,21.0
-0.0019029834,21.0
0.042484246,21.0
0.024594451,21.0
0.0020160959,21.0
0.02056842,21.0
7.6213008e-06,21.0
0.00027823181,21.0
0.038660099,21.0
0.020753124,21.0
0.014574474,21.0
0.0043894316,21.0
0.04240163,21.0
0.0093588817,21.0
-0.118,21.0
-0.423,21.0
-0.726,21.0
-0.891,21.0
-0.972,21.0
-1.01,21.0
-1.022,21.0
-1.023,21.0
-1.021,21.0
-1.02,21.0
-1.021,21.0
-1.024,21.0
-1.025,21.0
-1.022,21.0
-1.021,21.0
-1.024,21.0
-1.026,21.0
-1.024,21.0
-1.024,21.0
-1.027,21.0
-1.029,21.0
-1.027,21.0
-1.025,21.0
-1.025,21.0
-1.025,21.0
-1.024,21.0
-1.026,21.0
-1.028,21.0
-1.027,21.0
-1.021,21.0
-1.017,21.0
-1.019,21.0
-1.024,21.0
-1.029,21.0
-1.03,21.0
-1.024,21.0
-1.022,21.0
-1.026,21.0
-1.029,21.0
-1.025,21.0
-1.02,21.0
-1.021,21.0
-1.027,21.0
-1.029,21.0
-1.026,21.0
-1.025,21.0
-1.028,21.0
-1.03,21.0
-1.029,21.0
-1.027,21.0
-1.027,21.0
-1.029,21.0
-1.03,21.0
-1.027,21.0
-1.024,21.0
-1.022,21.0
-1.023,21.0
-1.024,21.0
-0.912,21.0
-0.608,21.0
-0.305,21.0
-0.134,21.0
-0.051,21.0
0.028558865,21.0
0.029345916,21.0
0.01047972,21.0
0.013273854,21.0
0.015527705,21.0
0.033211408,21.0
0.04816316,21.0
0.023160805,21.0
0.01747574,21.0
0.018456446,21.0
0.045046913,21.0
0.049422944,21.0
0.012416467,21.0
0.01913972,21.0
0.046474209,21.0
0.050564461,21.0
0.041509102,21.0
0.035871966,21.0
0.0032573854,21.0
0.0029268475,21.0
0.012853443,21.0
0.05081057,21.0
0.04721614,21.0
0.0088144007,21.0
-0.00037439671,21.0
0.03741725,21.0
0.0074511929,21.0
0.029812976,21.0
0.038763606,25.0
0.01847345,25.0
0.01283374,25.0
0.0047608815,25.0
0.021407721,25.0
0.052403344,25.0
0.034687195,25.0
0.109,25.0
0.388,25.0
0.667,25.0
0.822,25.0
0.894,25.0
0.924,25.0
0.937,25.0
0.838,25.0
0.56,25.0
0.28,25.0
0.124,25.0
0.090724211,25.0
0.019862512,25.0
0.03309541,25.0
0.043070289,25.0
0.022673912,25.0
0.048303338,25.0
0.023560464,25.0
0.013414534,25.0
0.045200629,25.0
0.030622355,25.0
0.037570065,25.0
0.0048852311,25.0
0.036466962,25.0
0.008199878,25.0
0.027826906,25.0
0.013997445,25.0
0.026324067,25.0
0.0059314514,25.0
-0.0015959665,25.0
0.0053093354,25.0
0.023368217,25.0
-0.102,25.0
-0.381,25.0
-0.662,25.0
-0.819,25.0
-0.894,25.0
-0.928,25.0
-0.939,25.0
-0.938,25.0
-0.935,25.0
-0.933,25.0
-0.932,25.0
-0.934,25.0
-0.936,25.0
-0.94,25.0
-0.94,25.0
-0.94,25.0
-0.942,25.0
-0.943,25.0
-0.942,25.0
-0.94,25.0
-0.94,25.0
-0.94,25.0
-0.939,25.0
-0.936,25.0
-0.935,25.0
-0.937,25.0
-0.942,25.0
-0.947,25.0
-0.948,25.0
-0.946,25.0
-0.947,25.0
-0.948,25.0
-0.946,25.0
-0.943,25.0
-0.943,25.0
-0.943,25.0
-0.943,25.0
-0.945,25.0
-0.946,25.0
-0.945,25.0
-0.943,25.0
-0.942,25.0
-0.942,25.0
-0.941,25.0
-0.941,25.0
-0.943,25.0
-0.942,25.0
-0.94,25.0
-0.941,25.0
-0.938,25.0
-0.933,25.0
-0.934,25.0
-0.938,25.0
-0.937,25.0
-0.934,25.0
-0.829,25.0
-0.552,25.0
-0.275,25.0
-0.121,25.0
-0.042272028,25.0
0.026277914,25.0
0.026749137,25.0
0.03598052,25.0
0.038921704,25.0
0.011364436,25.0
0.014180212,25.0
0.018237477,25.0
0.034478591,25.0
0.01782437,25.0
0.0087919244,25.0
0.00041137848,25.0
0.036046474,25.0
0.030679113,25.0
-0.0035458906,25.0
0.013770672,25.0
0.0339885,25.0
0.046747166,25.0
-0.0037017404,25.0
0.023983131,25.0
0.032286896,25.0
0.018343691,25.0
0.011408662,25.0
0.036806822,25.0
0.030696881,25.0
0.011832912,25.0
0.042508834,25.0
0.011121292,25.0
0.014644582,25.0
0.021553544,25.0
0.04857661,29.0
0.044351263,29.0
0.0033236873,29.0
0.0074392854,29.0
0.04454733,29.0
0.045358675,29.0
0.027254903,29.0
0.017847554,29.0
0.047407884,29.0
0.031565143,29.0
0.114,29.0
0.421,29.0
0.728,29.0
0.898,29.0
0.977,29.0
1.004,29.0
1.01,29.0
0.897,29.0
0.595,29.0
0.295,29.0
0.132,29.0
0.06,29.0
0.040739432,29.0
0.043536349,29.0
0.0087680308,29.0
0.0029580876,29.0
0.042091185,29.0
0.026006679,29.0
0.021213604,29.0
0.014959561,29.0
0.0081010608,29.0
-0.112,29.0
-0.427,29.0
-0.743,29.0
-0.922,29.0
-1.008,29.0
-1.047,29.0
-1.062,29.0
-1.066,29.0
-1.07,29.0
-1.07,29.0
-1.068,29.0
-1.066,29.0
-1.065,29.0
-1.063,29.0
-1.058,29.0
-1.053,29.0
-1.054,29.0
-1.056,29.0
-1.056,29.0
-1.057,29.0
-1.061,29.0
-1.064,29.0
-1.067,29.0
-1.069,29.0
-1.069,29.0
-1.07,29.0
-1.07,29.0
-1.067,29.0
-1.066,29.0
-1.063,29.0
-1.06,29.0
-1.06,29.0
-1.061,29.0
-1.06,29.0
-1.062,29.0
-0.946,29.0
-0.631,29.0
-0.317,29.0
-0.142,29.0
-0.06,29.0
-0.020737994,29.0
0.0044995608,29.0
0.0019931672,29.0
0.043438552,29.0
0.021353062,29.0
0.029759551,29.0
0.045492652,29.0
0.030121416,29.0
0.0048503143,29.0
0.011348676,29.0
0.037096794,29.0
0.043757241,29.0
0.031867274,29.0
0.0067812686,29.0
-0.0026644519,29.0
0.030873206,29.0
0.035612286,29.0
0.02066493,29.0
0.031796512,29.0
0.047798224,29.0
0.013699372,29.0
0.027004716,29.0
0.043930004,29.0
0.037259519,29.0
0.035459265,29.0
0.037085876,29.0
0.016035189,29.0
-0.001741879,29.0
0.003279457,29.0
-0.0011354841,29.0
-0.0005464954,29.0
-0.0046159719,29.0
0.0081610797,29.0
0.04629634,29.0
0.013202379,29.0
0.01778847,29.0
0.015850531,29.0
0.027178076,29.0
0.016864302,29.0
0.034803634,29.0
0.033007629,29.0
0.0066709826,29.0
0.020317718,29.0
0.029071982,29.0
0.019711926,29.0
0.036283289,29.0
0.0097159892,29.0
0.036055936,29.0
0.039943334,29.0
0.0046709106,29.0
0.0047705317,29.0
0.040060496,29.0
0.0024521061,29.0
0.018997335,29.0
0.0038419123,29.0
0.002362553,29.0
0.016243958,29.0
0.039646519,35.0
0.039136835,35.0
0.0097227003,35.0
0.022709069,35.0
0.020806047,35.0
0.017659634,35.0
0.048595206,35.0
0.040771616,35.0
0.131,35.0
0.472,35.0
0.814,35.0
0.88,35.0
0.63,35.0
0.326,35.0
0.15,35.0
0.064,35.0
0.070504688,35.0
0.032346482,35.0
0.015722878,35.0
0.018535609,35.0
0.0052976813,35.0
0.02668694,35.0
0.031488651,35.0
0.042925074,35.0
0.043784202,35.0
0.039778758,35.0
0.0070088781,35.0
0.019180575,35.0
0.050689258,35.0
0.015973974,35.0
0.022303718,35.0
0.044392863,35.0
0.0055704157,35.0
0.041793414,35.0
0.02937488,35.0
0.049704139,35.0
0.015990589,35.0
0.043402235,35.0
-0.105,35.0
-0.406,35.0
-0.706,35.0
-0.866,35.0
-0.939,35.0
-0.975,35.0
-0.991,35.0
-0.997,35.0
-1.003,35.0
-1.009,35.0
-1.008,35.0
-1.006,35.0
-1.007,35.0
-1.006,35.0
-1.007,35.0
-1.01,35.0
-1.009,35.0
-1.005,35.0
-1.004,35.0
-1.002,35.0
-1.002,35.0
-1.005,35.0
-1.008,35.0
-1.006,35.0
-1.002,35.0
-1.001,35.0
-1.003,35.0
-1.003,35.0
-1.002,35.0
-1.001,35.0
-1.0,35.0
-1.0,35.0
-0.998,35.0
-0.997,35.0
-0.998,35.0
-1.002,35.0
-1.006,35.0
-1.004,35.0
-1.002,35.0
-1.002,35.0
-1.003,35.0
-1.006,35.0
-1.008,35.0
-1.008,35.0
-1.007,35.0
-1.007,35.0
-1.006,35.0
-1.007,35.0
-1.011,35.0
-1.013,35.0
-1.011,35.0
-0.895,35.0
-0.594,35.0
-0.295,35.0
-0.13,35.0
-0.055,35.0
-0.012064702,35.0
0.0023822463,35.0
0.014764735,35.0
-0.00023738533,35.0
0.008414566,35.0
0.0033402348,35.0
0.048955186,35.0
0.012462221,35.0
0.02470626,35.0
0.016874135,35.0
0.035846044,35.0
0.034347521,35.0
0.047921237,35.0
0.032795406,35.0
0.023941061,35.0
0.032359631,35.0
0.0031255924,35.0
0.01062545,35.0
0.022552148,35.0
0.044737439,35.0
0.016151611,35.0
0.0071785478,35.0
0.035818786,35.0
0.012394648,35.0
0.014889761,35.0
0.0040258408,35.0
0.0022139294,35.0
0.0087048369,35.0
0.0078026184,35.0
0.031163363,35.0
-0.0022425646,35.0
-0.00065185317,35.0
0.011655598,35.0
0.010536959,35.0
0.026256387,38.0
0.0093804699,38.0
0.045481291,38.0
0.0331817,38.0
0.021452185,38.0
0.042862015,38.0
0.032048401,38.0
0.119,38.0
0.447,38.0
0.775,38.0
0.958,38.0
1.044,38.0
1.079,38.0
1.091,38.0
1.093,38.0
0.973,38.0
0.651,38.0
0.324,38.0
0.142,38.0
0.058,38.0
0.029653338,38.0
0.013186613,38.0
0.032396185,38.0
0.014649266,38.0
0.025295589,38.0
0.044885317,38.0
0.029716125,38.0
0.025205336,38.0
0.027571627,38.0
0.029642311,38.0
0.033080915,38.0
0.013179274,38.0
0.0413423,38.0
0.021542605,38.0
0.031495607,38.0
0.037270314,38.0
-0.121,38.0
-0.434,38.0
-0.743,38.0
-0.917,38.0
-0.998,38.0
-1.026,38.0
-1.038,38.0
-1.052,38.0
-1.063,38.0
-1.064,38.0
-1.061,38.0
-1.057,38.0
-1.054,38.0
-1.054,38.0
-1.055,38.0
-1.053,38.0
-1.05,38.0
-1.049,38.0
-1.048,38.0
-1.045,38.0
-1.04,38.0
-1.042,38.0
-1.052,38.0
-1.06,38.0
-1.063,38.0
-1.064,38.0
-1.061,38.0
-1.06,38.0
-1.061,38.0
-1.064,38.0
-1.066,38.0
-1.063,38.0
-1.057,38.0
-1.055,38.0
-1.057,38.0
-1.057,38.0
-1.056,38.0
-1.056,38.0
-1.057,38.0
-1.058,38.0
-1.061,38.0
-1.064,38.0
-1.064,38.0
-1.062,38.0
-1.059,38.0
-1.057,38.0
-1.055,38.0
-0.937,38.0
-0.621,38.0
-0.305,38.0
-0.133,38.0
-0.056,38.0
-0.0097004052,38.0
-0.0031313384,38.0
0.011999542,38.0
0.015943547,38.0
0.0097734757,38.0
0.027158126,38.0
0.029703321,38.0
0.034157945,38.0
0.03224518,38.0
0.025763023,38.0
0.0078125256,38.0
0.0074418053,38.0
0.016339397,38.0
0.046141043,38.0
0.016649209,38.0
0.028761381,38.0
0.019510251,38.0
0.032592896,38.0
0.050761766,38.0
0.017661145,38.0
0.018327757,38.0
0.027639553,38.0
0.010236337,38.0
0.042983702,38.0
-0.0028787608,38.0
0.018911003,38.0
-0.002856062,38.0
0.022201277,38.0
0.026228603,38.0
-0.0015374682,38.0
0.0058202888,38.0
0.015000419,38.0
0.025461191,38.0
0.041872745,38.0
0.036501741,38.0
0.014589675,38.0
0.029502791,38.0
0.031026583,38.0
0.0010953011,38.0
0.033471058,38.0
0.021935297,40.0
0.030090404,40.0
0.0041747056,40.0
0.00045375544,40.0
0.012603133,40.0
0.010656155,40.0
0.033610963,40.0
0.125,40.0
0.445,40.0
0.762,40.0
0.939,40.0
0.902,40.0
0.619,40.0
0.314,40.0
0.14,40.0
0.057,40.0
0.020688195,40.0
0.013569408,40.0
0.035187312,40.0
0.02374759,40.0
0.0093162629,40.0
0.023995938,40.0
0.010589498,40.0
0.043154824,40.0
0.017613806,40.0
0.04637145,40.0
0.048645523,40.0
0.045566392,40.0
0.03814759,40.0
0.035942018,40.0
0.024732742,40.0
0.026607136,40.0
0.030925608,40.0
0.0073641797,40.0
0.0012925959,40.0
0.031858489,40.0
-0.109,40.0
-0.393,40.0
-0.676,40.0
-0.834,40.0
-0.909,40.0
-0.938,40.0
-0.952,40.0
-0.959,40.0
-0.957,40.0
-0.957,40.0
-0.961,40.0
-0.965,40.0
-0.965,40.0
-0.963,40.0
-0.961,40.0
-0.956,40.0
-0.952,40.0
-0.952,40.0
-0.955,40.0
-0.963,40.0
-0.967,40.0
-0.963,40.0
-0.959,40.0
-0.954,40.0
-0.951,40.0
-0.954,40.0
-0.957,40.0
-0.958,40.0
-0.959,40.0
-0.958,40.0
-0.956,40.0
-0.956,40.0
-0.955,40.0
-0.954,40.0
-0.954,40.0
-0.955,40.0
-0.954,40.0
-0.953,40.0
-0.954,40.0
-0.955,40.0
-0.954,40.0
-0.955,40.0
-0.958,40.0
-0.958,40.0
-0.959,40.0
-0.962,40.0
-0.96,40.0
-0.954,40.0
-0.949,40.0
-0.949,40.0
-0.949,40.0
-0.949,40.0
-0.95,40.0
-0.951,40.0
-0.843,40.0
-0.559,40.0
-0.279,40.0
-0.128,40.0
-0.058,40.0
0.0091384342,40.0
0.011861976,40.0
0.012633365,40.0
0.042231957,40.0
0.011771685,40.0
0.027771964,40.0
0.0041566105,40.0
0.04238862,40.0
0.015522813,40.0
0.029810836,40.0
0.023858837,40.0
0.034821966,40.0
0.019275744,40.0
0.018933081,40.0
-0.0010349672,40.0
0.027775043,40.0
0.044754997,40.0
0.041291584,40.0
0.0029508342,40.0
0.020419275,40.0
0.012655585,40.0
0.044256788,40.0
0.028776876,40.0
0.04122108,40.0
0.038973296,40.0
0.040014724,40.0
0.030232916,40.0
0.029974621,40.0
0.035498204,40.0
0.021621849,40.0
0.038578904,40.0
0.03608346,40.0
0.030371375,40.0
0.02309366,41.0
0.03989812,41.0
0.011821021,41.0
0.0029649442,41.0
-0.00074696612,41.0
0.023447592,41.0
0.0092726108,41.0
0.123,41.0
0.455,41.0
0.792,41.0
0.981,41.0
1.07,41.0
1.109,41.0
1.127,41.0
1.008,41.0
0.674,41.0
0.335,41.0
0.147,41.0
0.062,41.0
0.073679718,41.0
0.034855019,41.0
0.041938829,41.0
0.0015920051,41.0
0.023987889,41.0
0.0065549849,41.0
-0.0024014919,41.0
0.026845393,41.0
0.004737057,41.0
0.0056610507,41.0
-0.0071157846,41.0
0.009231503,41.0
-0.0020162168,41.0
0.010804626,41.0
0.039522377,41.0
0.028528087,41.0
0.023975122,41.0
0.0066327152,41.0
0.047701342,41.0
-0.118,41.0
-0.44,41.0
-0.762,41.0
-0.943,41.0
-1.029,41.0
-1.064,41.0
-1.077,41.0
-1.081,41.0
-1.085,41.0
-1.086,41.0
-1.084,41.0
-1.083,41.0
-1.079,41.0
-1.076,41.0
-1.079,41.0
-1.083,41.0
-1.086,41.0
-1.088,41.0
-1.089,41.0
-1.088,41.0
-1.086,41.0
-1.087,41.0
-1.089,41.0
-1.088,41.0
-1.085,41.0
-1.082,41.0
-1.077,41.0
-1.075,41.0
-1.077,41.0
-1.082,41.0
-1.087,41.0
-1.09,41.0
-1.089,41.0
-1.088,41.0
-1.086,41.0
-1.082,41.0
-1.078,41.0
-1.078,41.0
-1.078,41.0
-1.075,41.0
-1.074,41.0
-1.077,41.0
-1.082,41.0
-1.086,41.0
-1.089,41.0
-1.089,41.0
-1.088,41.0
-1.082,41.0
-1.079,41.0
-1.081,41.0
-1.081,41.0
-1.081,41.0
-1.082,41.0
-1.084,41.0
-1.088,41.0
-1.089,41.0
-0.968,41.0
-0.645,41.0
-0.322,41.0
-0.144,41.0
-0.062,41.0
0.0013591797,41.0
-0.011703719,41.0
0.0053507342,41.0
0.020402991,41.0
-0.0027000669,41.0
0.020622295,41.0
0.031706777,41.0
0.022628926,41.0
0.025454499,41.0
0.0056491024,41.0
0.031838555,41.0
0.042217777,41.0
0.032667669,41.0
0.039331192,41.0
0.042264545,41.0
0.014360388,41.0
0.047843121,41.0
0.017369739,41.0
0.017602255,41.0
0.023288766,41.0
0.017181415,41.0
0.0039245967,41.0
0.010829881,41.0
0.025277622,41.0
0.032108133,41.0
0.036225671,41.0
0.030194995,41.0
0.01708217,41.0
0.014413945,41.0
0.021002946,44.0
0.011038098,44.0
0.044533641,44.0
0.033025696,44.0
0.012132959,44.0
0.018869236,44.0
0.121,44.0
0.438,44.0
0.756,44.0
0.934,44.0
1.02,44.0
1.058,44.0
1.071,44.0
1.075,44.0
1.078,44.0
1.079,44.0
1.075,44.0
0.953,44.0
0.639,44.0
0.327,44.0
0.156,44.0
0.072,44.0
0.072758821,44.0
0.034299497,44.0
0.045219129,44.0
0.024885447,44.0
0.02060315,44.0
0.0039079293,44.0
0.0049902916,44.0
0.018024811,44.0
-0.002647987,44.0
0.0415189,44.0
0.041941499,44.0
0.033055661,44.0
0.012547038,44.0
0.019383143,44.0
0.033160825,44.0
0.049241406,44.0
0.040436258,44.0
-0.0010355476,44.0
-0.12,44.0
-0.434,44.0
-0.749,44.0
-0.925,44.0
-1.007,44.0
-1.043,44.0
-1.059,44.0
-1.067,44.0
-1.069,44.0
-1.067,44.0
-1.063,44.0
-1.065,44.0
-1.07,44.0
-1.071,44.0
-1.07,44.0
-1.069,44.0
-1.067,44.0
-1.065,44.0
-1.065,44.0
-1.065,44.0
-1.062,44.0
-1.06,44.0
-1.064,44.0
-1.067,44.0
-1.069,44.0
-1.071,44.0
-1.07,44.0
-1.069,44.0
-1.07,44.0
-1.069,44.0
-1.066,44.0
-1.063,44.0
-1.063,44.0
-1.064,44.0
-1.062,44.0
-1.059,44.0
-1.062,44.0
-1.067,44.0
-1.069,44.0
-1.065,44.0
-1.058,44.0
-1.058,44.0
-1.061,44.0
-1.063,44.0
-1.069,44.0
-1.072,44.0
-1.066,44.0
-1.061,44.0
-1.06,44.0
-1.058,44.0
-1.055,44.0
-1.055,44.0
-1.057,44.0
-1.06,44.0
-0.943,44.0
-0.628,44.0
-0.317,44.0
-0.146,44.0
-0.067,44.0
-0.030243313,44.0
0.0038625773,44.0
0.020679161,44.0
0.003175532,44.0
0.028647782,44.0
0.019328148,44.0
0.033085776,44.0
0.027742865,44.0
0.043869062,44.0
0.013380122,44.0
0.017779407,44.0
0.024404518,44.0
0.035439837,44.0
0.024904541,44.0
0.0067823396,44.0
0.041138717,44.0
0.0318088,44.0
0.043721692,44.0
0.0089589512,44.0
0.026215598,44.0
0.026322211,44.0
0.011242969,44.0
0.013254687,44.0
0.034205896,44.0
0.021759068,44.0
0.0042616512,44.0
0.042015307,44.0
0.014530065,44.0
0.023168156,44.0
0.018773818,46.0
0.032043129,46.0
0.017688624,46.0
0.036256872,46.0
0.035548405,46.0
0.111,46.0
0.409,46.0
0.711,46.0
0.878,46.0
0.952,46.0
0.981,46.0
0.881,46.0
0.589,46.0
0.298,46.0
0.137,46.0
0.059,46.0
0.072828868,46.0
0.01295318,46.0
0.045233965,46.0
0.040022782,46.0
0.0091508172,46.0
0.03811024,46.0
0.048251256,46.0
0.012496077,46.0
0.014876322,46.0
0.041889641,46.0
0.046297702,46.0
0.014112169,46.0
0.0221616,46.0
-0.0020465746,46.0
0.0097659956,46.0
0.014287086,46.0
0.014135023,46.0
0.036999476,46.0
0.018969653,46.0
-0.114,46.0
-0.424,46.0
-0.733,46.0
-0.9,46.0
-0.976,46.0
-1.009,46.0
-1.025,46.0
-1.034,46.0
-1.036,46.0
-1.034,46.0
-1.033,46.0
-1.036,46.0
-1.039,46.0
-1.04,46.0
-1.041,46.0
-1.04,46.0
-1.038,46.0
-1.037,46.0
-1.04,46.0
-1.042,46.0
-1.044,46.0
-1.044,46.0
-1.046,46.0
-1.045,46.0
-1.041,46.0
-1.038,46.0
-1.039,46.0
-1.037,46.0
-1.035,46.0
-1.035,46.0
-1.035,46.0
-1.036,46.0
-1.039,46.0
-1.04,46.0
-1.041,46.0
-1.046,46.0
-1.051,46.0
-1.049,46.0
-1.043,46.0
-1.04,46.0
-1.041,46.0
-1.045,46.0
-1.048,46.0
-1.046,46.0
-1.042,46.0
-1.039,46.0
-1.04,46.0
-1.043,46.0
-1.043,46.0
-1.042,46.0
-1.042,46.0
-1.044,46.0
-1.048,46.0
-1.046,46.0
-1.042,46.0
-1.041,46.0
-1.04,46.0
-1.038,46.0
-1.037,46.0
-1.038,46.0
-1.04,46.0
-1.041,46.0
-0.924,46.0
-0.613,46.0
-0.302,46.0
-0.133,46.0
-0.057,46.0
0.0095960499,46.0
0.0036028662,46.0
0.0075156105,46.0
0.0032831262,46.0
0.023045112,46.0
0.036146477,46.0
0.01301061,46.0
0.018489556,46.0
0.047913194,46.0
0.029131464,46.0
0.050219673,46.0
0.038795002,46.0
0.038508009,46.0
0.027834223,46.0
0.022831801,46.0
0.01219473,46.0
0.028208477,46.0
0.0011675889,46.0
0.027612602,46.0
0.039198308,46.0
0.040412838,46.0
0.049947821,46.0
0.0084730553,46.0
-0.0038920092,46.0
0.032881315,46.0
0.0045060841,46.0
0.036640153,47.0
0.0092098615,47.0
-0.0023641009,47.0
0.023172535,47.0
0.033494078,47.0
0.102,47.0
0.376,47.0
0.65,47.0
0.803,47.0
0.878,47.0
0.913,47.0
0.824,47.0
0.554,47.0
0.28,47.0
0.126,47.0
0.052,47.0
0.029541619,47.0
0.020178237,47.0
0.010070068,47.0
0.027788062,47.0
-0.0022131404,47.0
0.0050428166,47.0
0.049980779,47.0
0.02800835,47.0
0.017047305,47.0
0.021481673,47.0
0.0040538464,47.0
0.046287816,47.0
0.048050035,47.0
0.033732084,47.0
0.022317401,47.0
0.054211971,47.0
0.019490364,47.0
0.034579036,47.0
0.0055395381,47.0
0.0099597282,47.0
0.0082737265,47.0
0.034150349,47.0
0.024275743,47.0
0.017699916,47.0
-0.116,47.0
-0.412,47.0
-0.71,47.0
-0.877,47.0
-0.954,47.0
-0.987,47.0
-1.003,47.0
-1.008,47.0
-1.006,47.0
-1.008,47.0
-1.013,47.0
-1.014,47.0
-1.008,47.0
-1.002,47.0
-1.002,47.0
-1.006,47.0
-1.013,47.0
-1.018,47.0
-1.017,47.0
-1.016,47.0
-1.018,47.0
-1.02,47.0
-1.021,47.0
-1.018,47.0
-1.015,47.0
-1.014,47.0
-1.012,47.0
-1.011,47.0
-1.009,47.0
-1.007,47.0
-1.007,47.0
-1.01,47.0
-1.013,47.0
-1.015,47.0
-1.017,47.0
-1.018,47.0
-1.017,47.0
-1.013,47.0
-1.011,47.0
-1.012,47.0
-1.011,47.0
-1.012,47.0
-0.901,47.0
-0.601,47.0
-0.301,47.0
-0.134,47.0
-0.054,47.0
-0.0077714655,47.0
0.0064563947,47.0
0.036673029,47.0
0.014542483,47.0
0.0076911131,47.0
0.010544986,47.0
0.045333874,47.0
0.037137944,47.0
0.041672292,47.0
0.02499284,47.0
0.025609999,47.0
0.019221805,47.0
0.043901205,47.0
0.0069177523,47.0
0.02971977,47.0
0.048002294,47.0
0.017803977,47.0
0.036508113,47.0
0.012169437,47.0
0.041936928,47.0
0.037521831,47.0
0.043282301,47.0
0.034562801,47.0
0.039326676,47.0
0.0040655934,47.0
0.034700317,47.0
0.012286112,47.0
-2.6055981e-05,47.0
0.027934275,47.0
0.0030706734,47.0
0.031207149,47.0
0.00065646819,47.0
0.036060452,47.0
0.0095569974,47.0
0.021940584,47.0
0.044172709,47.0
0.0089233896,47.0
0.018234823,47.0
0.026573404,47.0
0.020423915,47.0
0.024858438,47.0
0.025975646,48.0
0.026078325,48.0
-0.0021452629,48.0
0.0023408177,48.0
0.033112552,48.0
0.024741617,48.0
0.025259558,48.0
0.115,48.0
0.414,48.0
0.712,48.0
0.873,48.0
0.945,48.0
0.977,48.0
0.995,48.0
1.003,48.0
0.89,48.0
0.588,48.0
0.288,48.0
0.125,48.0
0.05,48.0
0.064505796,48.0
0.042855383,48.0
0.0095683829,48.0
0.030867572,48.0
0.038749207,48.0
0.048880914,48.0
0.0057880803,48.0
0.038576844,48.0
-0.0013215004,48.0
0.010179077,48.0
-0.0025766898,48.0
0.029160694,48.0
0.025681259,48.0
0.026060286,48.0
0.022275057,48.0
0.045112786,48.0
0.059286718,48.0
0.0075168774,48.0
0.038248637,48.0
-0.108,48.0
-0.392,48.0
-0.672,48.0
-0.824,48.0
-0.899,48.0
-0.935,48.0
-0.95,48.0
-0.955,48.0
-0.955,48.0
-0.955,48.0
-0.958,48.0
-0.961,48.0
-0.961,48.0
-0.958,48.0
-0.954,48.0
-0.952,48.0
-0.951,48.0
-0.951,48.0
-0.951,48.0
-0.953,48.0
-0.956,48.0
-0.954,48.0
-0.948,48.0
-0.945,48.0
-0.946,48.0
-0.947,48.0
-0.946,48.0
-0.943,48.0
-0.944,48.0
-0.948,48.0
-0.95,48.0
-0.949,48.0
-0.944,48.0
-0.94,48.0
-0.941,48.0
-0.945,48.0
-0.946,48.0
-0.947,48.0
-0.953,48.0
-0.958,48.0
-0.959,48.0
-0.956,48.0
-0.951,48.0
-0.951,48.0
-0.952,48.0
-0.95,48.0
-0.949,48.0
-0.951,48.0
-0.953,48.0
-0.953,48.0
-0.95,48.0
-0.951,48.0
-0.954,48.0
-0.954,48.0
-0.955,48.0
-0.957,48.0
-0.958,48.0
-0.852,48.0
-0.568,48.0
-0.282,48.0
-0.123,48.0
-0.031089484,48.0
-0.016635071,48.0
-0.0037085739,48.0
0.0017949387,48.0
0.019895634,48.0
0.03654497,48.0
0.032491744,48.0
0.010398574,48.0
0.048218818,48.0
0.031869966,48.0
-0.0030246978,48.0
0.0083328085,48.0
0.031339419,48.0
0.023158086,48.0
-0.0099617526,48.0
0.015664037,48.0
-0.00059767838,48.0
0.025511979,48.0
0.01044115,48.0
0.024297328,48.0
0.046348746,48.0
0.015103454,48.0
0.043930858,48.0
0.028030085,48.0
0.02426135,48.0
0.020652106,48.0
0.030121755,48.0
0.027669817,48.0
-0.010564147,95.0
-0.0051836722,95.0
0.0029629159,95.0
0.016121948,95.0
0.023746293,95.0
0.030813123,95.0
0.043781165,95.0
0.049724358,95.0
0.0073997786,95.0
0.044299975,95.0
0.045331581,95.0
0.048152052,95.0
0.039274938,95.0
0.044756442,95.0
0.009472521,95.0
0.0062425912,95.0
0.010919536,95.0
0.027480108,95.0
0.021708211,95.0
0.053076799,95.0
0.047963299,95.0
0.022991445,95.0
0.0134095,95.0
0.044185135,95.0
0.011354518,95.0
0.011478263,95.0
0.030186872,95.0
0.015044569,95.0
0.035227123,95.0
0.021443905,95.0
0.01062424,95.0
0.032830474,95.0
0.041862467,95.0
0.035063977,95.0
0.0081482195,95.0
0.0093156377,95.0
0.048038526,95.0
0.105,95.0
0.383,95.0
0.661,95.0
0.815,95.0
0.885,95.0
0.915,95.0
0.929,95.0
0.938,95.0
0.943,95.0
0.943,95.0
0.945,95.0
0.948,95.0
0.947,95.0
0.946,95.0
0.946,95.0
0.943,95.0
0.942,95.0
0.947,95.0
0.952,95.0
0.953,95.0
0.95,95.0
0.948,95.0
0.947,95.0
0.944,95.0
0.942,95.0
0.941,95.0
0.939,95.0
0.94,95.0
0.94,95.0
0.941,95.0
0.941,95.0
0.941,95.0
0.942,95.0
0.94,95.0
0.941,95.0
0.941,95.0
0.937,95.0
0.935,95.0
0.934,95.0
0.934,95.0
0.934,95.0
0.932,95.0
0.932,95.0
0.934,95.0
0.937,95.0
0.94,95.0
0.941,95.0
0.94,95.0
0.94,95.0
0.942,95.0
0.945,95.0
0.947,95.0
0.948,95.0
0.95,95.0
0.952,95.0
0.948,95.0
0.94,95.0
0.938,95.0
0.944,95.0
0.948,95.0
0.947,95.0
0.945,95.0
0.944,95.0
0.945,95.0
0.944,95.0
0.945,95.0
0.842,95.0
0.562,95.0
0.282,95.0
0.125,95.0
0.052,95.0
0.051396399,95.0
0.050100108,95.0
0.021804417,95.0
0.016557976,95.0
0.032329853,95.0
0.0088966592,95.0
0.04860554,95.0
0.01576312,95.0
0.015666507,95.0
0.041128172,95.0
0.032188964,95.0
0.012054783,95.0
0.024472944,95.0
0.040190375,95.0
0.044803328,95.0
0.015078284,95.0
0.0087416042,95.0
0.010304156,95.0
0.016471257,95.0
0.035046349,95.0
